{
"__comment": "Designed by Moritz07032001 with BDcraft Cubik PRO 0.90 Beta - http://bdcraft.net",
"textures": {
    "planks_oak": "blocks/planks_oak",
    "anvil_base": "blocks/anvil_base",
    "cobblestone": "blocks/cobblestone",
    "planks_birch": "blocks/planks_birch",
    "iron_block": "blocks/iron_block"
},
"elements": [ 
{
    "from": [ 0, 0, 15 ],
    "to": [ 1, 15, 16 ],
    "faces": {
        "down":  { "uv": [ 16, 16, 15, 15 ], "texture": "#planks_oak" },
        "up":    { "uv": [ 0, 15, 1, 16 ], "texture": "#planks_oak" },
        "north": { "uv": [ 15, 1, 16, 16 ], "texture": "#planks_oak" },
        "south": { "uv": [ 0, 1, 1, 16 ], "texture": "#planks_oak" },
        "west":  { "uv": [ 15, 1, 16, 16 ], "texture": "#planks_oak" },
        "east":  { "uv": [ 0, 1, 1, 16 ], "texture": "#planks_oak" }
    }
},
{
    "from": [ 0, 0, 0 ],
    "to": [ 1, 15, 1 ],
    "faces": {
        "down":  { "uv": [ 16, 1, 15, 0 ], "texture": "#planks_oak" },
        "up":    { "uv": [ 0, 0, 1, 1 ], "texture": "#planks_oak" },
        "north": { "uv": [ 15, 1, 16, 16 ], "texture": "#planks_oak" },
        "south": { "uv": [ 0, 1, 1, 16 ], "texture": "#planks_oak" },
        "west":  { "uv": [ 0, 1, 1, 16 ], "texture": "#planks_oak" },
        "east":  { "uv": [ 15, 1, 16, 16 ], "texture": "#planks_oak" }
    }
},
{
    "from": [ 15, 0, 0 ],
    "to": [ 16, 15, 1 ],
    "faces": {
        "down":  { "uv": [ 1, 1, 0, 0 ], "texture": "#planks_oak" },
        "up":    { "uv": [ 15, 0, 16, 1 ], "texture": "#planks_oak" },
        "north": { "uv": [ 0, 1, 1, 16 ], "texture": "#planks_oak" },
        "south": { "uv": [ 15, 1, 16, 16 ], "texture": "#planks_oak" },
        "west":  { "uv": [ 0, 1, 1, 16 ], "texture": "#planks_oak" },
        "east":  { "uv": [ 15, 1, 16, 16 ], "texture": "#planks_oak" }
    }
},
{
    "from": [ 15, 0, 15 ],
    "to": [ 16, 15, 16 ],
    "faces": {
        "down":  { "uv": [ 1, 16, 0, 15 ], "texture": "#planks_oak" },
        "up":    { "uv": [ 15, 15, 16, 16 ], "texture": "#planks_oak" },
        "north": { "uv": [ 0, 1, 1, 16 ], "texture": "#planks_oak" },
        "south": { "uv": [ 15, 1, 16, 16 ], "texture": "#planks_oak" },
        "west":  { "uv": [ 15, 1, 16, 16 ], "texture": "#planks_oak" },
        "east":  { "uv": [ 0, 1, 1, 16 ], "texture": "#planks_oak" }
    }
},
{
    "from": [ 1, 0, 0 ],
    "to": [ 15, 16, 1 ],
    "faces": {
        "down":  { "uv": [ 15, 1, 1, 0 ], "texture": "#anvil_base" },
        "up":    { "uv": [ 1, 0, 15, 1 ], "texture": "#anvil_base" },
        "north": { "uv": [ 1, 0, 15, 16 ], "texture": "#anvil_base" },
        "south": { "uv": [ 1, 0, 15, 16 ], "texture": "#anvil_base" },
        "west":  { "uv": [ 0, 0, 1, 16 ], "texture": "#anvil_base" },
        "east":  { "uv": [ 15, 0, 16, 16 ], "texture": "#anvil_base" }
    }
},
{
    "from": [ 0, 0, 1 ],
    "to": [ 1, 16, 15 ],
    "faces": {
        "down":  { "uv": [ 16, 15, 15, 1 ], "texture": "#anvil_base" },
        "up":    { "uv": [ 0, 1, 1, 15 ], "texture": "#anvil_base" },
        "north": { "uv": [ 15, 0, 16, 16 ], "texture": "#anvil_base" },
        "south": { "uv": [ 0, 0, 1, 16 ], "texture": "#anvil_base" },
        "west":  { "uv": [ 1, 0, 15, 16 ], "texture": "#anvil_base" },
        "east":  { "uv": [ 1, 0, 15, 16 ], "texture": "#anvil_base" }
    }
},
{
    "from": [ 1, 0, 15 ],
    "to": [ 15, 16, 16 ],
    "faces": {
        "down":  { "uv": [ 15, 16, 1, 15 ], "texture": "#anvil_base" },
        "up":    { "uv": [ 1, 15, 15, 16 ], "texture": "#anvil_base" },
        "north": { "uv": [ 1, 0, 15, 16 ], "texture": "#anvil_base" },
        "south": { "uv": [ 1, 0, 15, 16 ], "texture": "#anvil_base" },
        "west":  { "uv": [ 15, 0, 16, 16 ], "texture": "#anvil_base" },
        "east":  { "uv": [ 0, 0, 1, 16 ], "texture": "#anvil_base" }
    }
},
{
    "from": [ 15, 0, 1 ],
    "to": [ 16, 16, 15 ],
    "faces": {
        "down":  { "uv": [ 1, 15, 0, 1 ], "texture": "#anvil_base" },
        "up":    { "uv": [ 15, 1, 16, 15 ], "texture": "#anvil_base" },
        "north": { "uv": [ 0, 0, 1, 16 ], "texture": "#anvil_base" },
        "south": { "uv": [ 15, 0, 16, 16 ], "texture": "#anvil_base" },
        "west":  { "uv": [ 1, 0, 15, 16 ], "texture": "#anvil_base" },
        "east":  { "uv": [ 1, 0, 15, 16 ], "texture": "#anvil_base" }
    }
},
{
    "from": [ 1, 0, 1 ],
    "to": [ 15, 1, 15 ],
    "faces": {
        "down":  { "uv": [ 15, 15, 1, 1 ], "texture": "#cobblestone" },
        "up":    { "uv": [ 1, 1, 15, 15 ], "texture": "#cobblestone" },
        "north": { "uv": [ 1, 15, 15, 16 ], "texture": "#cobblestone" },
        "south": { "uv": [ 1, 15, 15, 16 ], "texture": "#cobblestone" },
        "west":  { "uv": [ 1, 15, 15, 16 ], "texture": "#cobblestone" },
        "east":  { "uv": [ 1, 15, 15, 16 ], "texture": "#cobblestone" }
    }
},
{
    "from": [ 7, 3, 7 ],
    "to": [ 9, 21.5, 9 ],
    "faces": {
        "down":  { "uv": [ 9, 9, 7, 7 ], "texture": "#planks_birch" },
        "up":    { "uv": [ 7, 7, 9, 9 ], "texture": "#planks_birch" },
        "north": { "uv": [ 7, 0, 9, 13 ], "texture": "#planks_birch" },
        "south": { "uv": [ 7, 0, 9, 13 ], "texture": "#planks_birch" },
        "west":  { "uv": [ 7, 0, 9, 13 ], "texture": "#planks_birch" },
        "east":  { "uv": [ 7, 0, 9, 13 ], "texture": "#planks_birch" }
    }
},
{
    "from": [ 9, 20, 7 ],
    "to": [ 16, 21.5, 9 ],
    "faces": {
        "down":  { "uv": [ 7, 9, 0, 7 ], "texture": "#planks_oak" },
        "up":    { "uv": [ 9, 7, 16, 9 ], "texture": "#planks_oak" },
        "north": { "uv": [ 0, 0, 7, 0 ], "texture": "#planks_oak" },
        "south": { "uv": [ 9, 0, 16, 0 ], "texture": "#planks_oak" },
        "west":  { "uv": [ 7, 0, 9, 0 ], "texture": "#planks_oak" },
        "east":  { "uv": [ 7, 0, 9, 0 ], "texture": "#planks_oak" }
    }
},
{
    "from": [ 7.5, 21.5, 7.5 ],
    "to": [ 8.5, 22.5, 8.5 ],
    "faces": {
        "down":  { "uv": [ 8.5, 8.5, 7.5, 7.5 ], "texture": "#iron_block" },
        "up":    { "uv": [ 7.5, 7.5, 8.5, 8.5 ], "texture": "#iron_block" },
        "north": { "uv": [ 7.5, 0, 8.5, 0 ], "texture": "#iron_block" },
        "south": { "uv": [ 7.5, 0, 8.5, 0 ], "texture": "#iron_block" },
        "west":  { "uv": [ 7.5, 0, 8.5, 0 ], "texture": "#iron_block" },
        "east":  { "uv": [ 7.5, 0, 8.5, 0 ], "texture": "#iron_block" }
    }
},
{
    "from": [ 5.5, 1.5, 6 ],
    "to": [ 10.5, 3, 10 ],
    "faces": {
        "down":  { "uv": [ 10.5, 10, 5.5, 6 ], "texture": "#iron_block" },
        "up":    { "uv": [ 5.5, 6, 10.5, 10 ], "texture": "#iron_block" },
        "north": { "uv": [ 5.5, 13, 10.5, 14.5 ], "texture": "#iron_block" },
        "south": { "uv": [ 5.5, 13, 10.5, 14.5 ], "texture": "#iron_block" },
        "west":  { "uv": [ 6, 13, 10, 14.5 ], "texture": "#iron_block" },
        "east":  { "uv": [ 6, 13, 10, 14.5 ], "texture": "#iron_block" }
    }
},
{
    "from": [ 7, 15, 1 ],
    "to": [ 9, 16, 7 ],
    "faces": {
        "down":  { "uv": [ 9, 7, 7, 1 ], "texture": "#iron_block" },
        "up":    { "uv": [ 7, 1, 9, 7 ], "texture": "#iron_block" },
        "north": { "uv": [ 7, 0, 9, 1 ], "texture": "#iron_block" },
        "south": { "uv": [ 7, 0, 9, 1 ], "texture": "#iron_block" },
        "west":  { "uv": [ 1, 0, 7, 1 ], "texture": "#iron_block" },
        "east":  { "uv": [ 9, 0, 15, 1 ], "texture": "#iron_block" }
    }
},
{
    "from": [ 7, 15, 9 ],
    "to": [ 9, 16, 15 ],
    "faces": {
        "down":  { "uv": [ 9, 15, 7, 9 ], "texture": "#iron_block" },
        "up":    { "uv": [ 7, 9, 9, 15 ], "texture": "#iron_block" },
        "north": { "uv": [ 7, 0, 9, 1 ], "texture": "#iron_block" },
        "south": { "uv": [ 7, 0, 9, 1 ], "texture": "#iron_block" },
        "west":  { "uv": [ 9, 0, 15, 1 ], "texture": "#iron_block" },
        "east":  { "uv": [ 1, 0, 7, 1 ], "texture": "#iron_block" }
    }
},
{
    "from": [ 9, 15, 6.5 ],
    "to": [ 10, 16, 9.5 ],
    "faces": {
        "down":  { "uv": [ 7, 9.5, 6, 6.5 ], "texture": "#iron_block" },
        "up":    { "uv": [ 9, 6.5, 10, 9.5 ], "texture": "#iron_block" },
        "north": { "uv": [ 6, 0, 7, 1 ], "texture": "#iron_block" },
        "south": { "uv": [ 9, 0, 10, 1 ], "texture": "#iron_block" },
        "west":  { "uv": [ 6.5, 0, 9.5, 1 ], "texture": "#iron_block" },
        "east":  { "uv": [ 6.5, 0, 9.5, 1 ], "texture": "#iron_block" }
    }
},
{
    "from": [ 6, 15, 6.5 ],
    "to": [ 7, 16, 9.5 ],
    "faces": {
        "down":  { "uv": [ 10, 9.5, 9, 6.5 ], "texture": "#iron_block" },
        "up":    { "uv": [ 6, 6.5, 7, 9.5 ], "texture": "#iron_block" },
        "north": { "uv": [ 9, 0, 10, 1 ], "texture": "#iron_block" },
        "south": { "uv": [ 6, 0, 7, 1 ], "texture": "#iron_block" },
        "west":  { "uv": [ 6.5, 0, 9.5, 1 ], "texture": "#iron_block" },
        "east":  { "uv": [ 6.5, 0, 9.5, 1 ], "texture": "#iron_block" }
    }
}
]
}
