{
"__comment": "Designed by Moritz07032001 with BDcraft Cubik PRO 0.95 Beta - http://bdcraft.net",
"textures": {
    "daylight_detector_side": "blocks/daylight_detector_side"
},
"elements": [ 
{
    "from": [ 3, 3, 3 ],
    "to": [ 13, 13.5, 13 ],
    "faces": {
        "down":  { "uv": [ 13, 13, 3, 3 ], "texture": "#daylight_detector_side" },
        "up":    { "uv": [ 3, 3, 13, 13 ], "texture": "#daylight_detector_side" },
        "north": { "uv": [ 3, 2.5, 13, 13 ], "texture": "#daylight_detector_side" },
        "south": { "uv": [ 3, 2.5, 13, 13 ], "texture": "#daylight_detector_side" },
        "west":  { "uv": [ 3, 2.5, 13, 13 ], "texture": "#daylight_detector_side" },
        "east":  { "uv": [ 3, 2.5, 13, 13 ], "texture": "#daylight_detector_side" }
    }
},
{
    "from": [ 7, 13.5, 7 ],
    "to": [ 9, 16, 9 ],
    "faces": {
        "down":  { "uv": [ 9, 9, 7, 7 ], "texture": "#daylight_detector_side" },
        "up":    { "uv": [ 7, 7, 9, 9 ], "texture": "#daylight_detector_side" },
        "north": { "uv": [ 7, 0, 9, 2.5 ], "texture": "#daylight_detector_side" },
        "south": { "uv": [ 7, 0, 9, 2.5 ], "texture": "#daylight_detector_side" },
        "west":  { "uv": [ 7, 0, 9, 2.5 ], "texture": "#daylight_detector_side" },
        "east":  { "uv": [ 7, 0, 9, 2.5 ], "texture": "#daylight_detector_side" }
    }
}
]
}
