{
"__comment": "Designed by Moritz07032001 with BDcraft Cubik PRO 0.95 Beta - http://bdcraft.net",
"textures": {
    "log_big_oak": "blocks/log_big_oak"
},
"elements": [ 
{
    "from": [ 4, 0, 5 ],
    "to": [ 8, 12, 9 ],
    "faces": {
        "down":  { "uv": [ 12, 9, 8, 5 ], "texture": "#log_big_oak" },
        "up":    { "uv": [ 4, 5, 8, 9 ], "texture": "#log_big_oak" },
        "north": { "uv": [ 8, 4, 12, 16 ], "texture": "#log_big_oak" },
        "south": { "uv": [ 4, 4, 8, 16 ], "texture": "#log_big_oak" },
        "west":  { "uv": [ 5, 4, 9, 16 ], "texture": "#log_big_oak" },
        "east":  { "uv": [ 7, 4, 11, 16 ], "texture": "#log_big_oak" }
    }
},
{
    "from": [ 8, 11, 7 ],
    "to": [ 13.5, 13, 9 ],
    "faces": {
        "down":  { "uv": [ 8, 9, 2.5, 7 ], "texture": "#log_big_oak" },
        "up":    { "uv": [ 8, 7, 13.5, 9 ], "texture": "#log_big_oak" },
        "north": { "uv": [ 2.5, 3, 8, 5 ], "texture": "#log_big_oak" },
        "south": { "uv": [ 8, 3, 13.5, 5 ], "texture": "#log_big_oak" },
        "west":  { "uv": [ 7, 3, 9, 5 ], "texture": "#log_big_oak" },
        "east":  { "uv": [ 7, 3, 9, 5 ], "texture": "#log_big_oak" }
    }
},
{
    "from": [ 5, 1.5, 0 ],
    "to": [ 6.5, 2.5, 5 ],
    "faces": {
        "down":  { "uv": [ 11, 5, 9.5, 0 ], "texture": "#log_big_oak" },
        "up":    { "uv": [ 5, 0, 6.5, 5 ], "texture": "#log_big_oak" },
        "north": { "uv": [ 9.5, 13.5, 11, 14.5 ], "texture": "#log_big_oak" },
        "south": { "uv": [ 5, 13.5, 6.5, 14.5 ], "texture": "#log_big_oak" },
        "west":  { "uv": [ 0, 13.5, 5, 14.5 ], "texture": "#log_big_oak" },
        "east":  { "uv": [ 11, 13.5, 16, 14.5 ], "texture": "#log_big_oak" }
    }
},
{
    "from": [ 13, 13, 9 ],
    "to": [ 15, 14, 10 ],
    "faces": {
        "down":  { "uv": [ 3, 10, 1, 9 ], "texture": "#log_big_oak" },
        "up":    { "uv": [ 13, 9, 15, 10 ], "texture": "#log_big_oak" },
        "north": { "uv": [ 1, 2, 3, 3 ], "texture": "#log_big_oak" },
        "south": { "uv": [ 13, 2, 15, 3 ], "texture": "#log_big_oak" },
        "west":  { "uv": [ 9, 2, 10, 3 ], "texture": "#log_big_oak" },
        "east":  { "uv": [ 6, 2, 7, 3 ], "texture": "#log_big_oak" }
    }
},
{
    "from": [ 10, 13, 3.5 ],
    "to": [ 11, 14, 7 ],
    "faces": {
        "down":  { "uv": [ 6, 7, 5, 3.5 ], "texture": "#log_big_oak" },
        "up":    { "uv": [ 10, 3.5, 11, 7 ], "texture": "#log_big_oak" },
        "north": { "uv": [ 5, 2, 6, 3 ], "texture": "#log_big_oak" },
        "south": { "uv": [ 10, 2, 11, 3 ], "texture": "#log_big_oak" },
        "west":  { "uv": [ 3.5, 2, 7, 3 ], "texture": "#log_big_oak" },
        "east":  { "uv": [ 9, 2, 12.5, 3 ], "texture": "#log_big_oak" }
    }
},
{
    "from": [ 6, 7.5, 9 ],
    "to": [ 8, 8.5, 15 ],
    "faces": {
        "down":  { "uv": [ 10, 15, 8, 9 ], "texture": "#log_big_oak" },
        "up":    { "uv": [ 6, 9, 8, 15 ], "texture": "#log_big_oak" },
        "north": { "uv": [ 8, 7.5, 10, 8.5 ], "texture": "#log_big_oak" },
        "south": { "uv": [ 6, 7.5, 8, 8.5 ], "texture": "#log_big_oak" },
        "west":  { "uv": [ 9, 7.5, 15, 8.5 ], "texture": "#log_big_oak" },
        "east":  { "uv": [ 1, 7.5, 7, 8.5 ], "texture": "#log_big_oak" }
    }
},
{
    "from": [ 5, 7, 15 ],
    "to": [ 9.5, 8, 16 ],
    "faces": {
        "down":  { "uv": [ 11, 16, 6.5, 15 ], "texture": "#log_big_oak" },
        "up":    { "uv": [ 5, 15, 9.5, 16 ], "texture": "#log_big_oak" },
        "north": { "uv": [ 6.5, 8, 11, 9 ], "texture": "#log_big_oak" },
        "south": { "uv": [ 5, 8, 9.5, 9 ], "texture": "#log_big_oak" },
        "west":  { "uv": [ 15, 8, 16, 9 ], "texture": "#log_big_oak" },
        "east":  { "uv": [ 0, 8, 1, 9 ], "texture": "#log_big_oak" }
    }
},
{
    "from": [ 8, 0, 6 ],
    "to": [ 10.5, 1, 11 ],
    "faces": {
        "down":  { "uv": [ 8, 11, 5.5, 6 ], "texture": "#log_big_oak" },
        "up":    { "uv": [ 8, 6, 10.5, 11 ], "texture": "#log_big_oak" },
        "north": { "uv": [ 5.5, 15, 8, 16 ], "texture": "#log_big_oak" },
        "south": { "uv": [ 8, 15, 10.5, 16 ], "texture": "#log_big_oak" },
        "west":  { "uv": [ 6, 15, 11, 16 ], "texture": "#log_big_oak" },
        "east":  { "uv": [ 5, 15, 10, 16 ], "texture": "#log_big_oak" }
    }
},
{
    "from": [ 0, 10, 6 ],
    "to": [ 5, 11, 7 ],
    "faces": {
        "down":  { "uv": [ 16, 7, 11, 6 ], "texture": "#log_big_oak" },
        "up":    { "uv": [ 0, 6, 5, 7 ], "texture": "#log_big_oak" },
        "north": { "uv": [ 11, 5, 16, 6 ], "texture": "#log_big_oak" },
        "south": { "uv": [ 0, 5, 5, 6 ], "texture": "#log_big_oak" },
        "west":  { "uv": [ 6, 5, 7, 6 ], "texture": "#log_big_oak" },
        "east":  { "uv": [ 9, 5, 10, 6 ], "texture": "#log_big_oak" }
    }
}
]
}
