{
"__comment": "Designed by Moritz07032001 with BDcraft Cubik PRO 0.90 Beta - http://bdcraft.net",
"textures": {
    "quartz_block_top": "blocks/sandstone_top",
    "glowstone": "blocks/glowstone"
},
"elements": [ 
{
    "from": [ 0, 13, 0 ],
    "to": [ 16, 16, 16 ],
    "faces": {
        "down":  { "uv": [ 16, 16, 0, 0 ], "texture": "#quartz_block_top" },
        "up":    { "uv": [ 0, 0, 16, 16 ], "texture": "#quartz_block_top" },
        "north": { "uv": [ 0, 0, 16, 3 ], "texture": "#quartz_block_top" },
        "south": { "uv": [ 0, 0, 16, 3 ], "texture": "#quartz_block_top" },
        "west":  { "uv": [ 0, 0, 16, 3 ], "texture": "#quartz_block_top" },
        "east":  { "uv": [ 0, 0, 16, 3 ], "texture": "#quartz_block_top" }
    }
},
{
    "from": [ 2, 12, 2 ],
    "to": [ 14, 13.5, 14 ],
    "faces": {
        "down":  { "uv": [ 14, 14, 2, 2 ], "texture": "#glowstone" },
        "up":    { "uv": [ 2, 2, 14, 14 ], "texture": "#glowstone" },
        "north": { "uv": [ 2, 2.5, 14, 4 ], "texture": "#glowstone" },
        "south": { "uv": [ 2, 2.5, 14, 4 ], "texture": "#glowstone" },
        "west":  { "uv": [ 2, 2.5, 14, 4 ], "texture": "#glowstone" },
        "east":  { "uv": [ 2, 2.5, 14, 4 ], "texture": "#glowstone" }
    }
}
]
}
