{
"__comment": "Designed by Moritz07032001 with BDcraft Cubik PRO 0.95 Beta - http://bdcraft.net",
"textures": {
    "planks_oak": "blocks/planks_oak"
},
"elements": [ 
{
    "from": [ 5, 0, 5 ],
    "to": [ 11, 1, 11 ],
    "faces": {
        "down":  { "uv": [ 11, 11, 5, 5 ], "texture": "#planks_oak" },
        "up":    { "uv": [ 5, 5, 11, 11 ], "texture": "#planks_oak" },
        "north": { "uv": [ 5, 15, 11, 16 ], "texture": "#planks_oak" },
        "south": { "uv": [ 5, 15, 11, 16 ], "texture": "#planks_oak" },
        "west":  { "uv": [ 5, 15, 11, 16 ], "texture": "#planks_oak" },
        "east":  { "uv": [ 5, 15, 11, 16 ], "texture": "#planks_oak" }
    }
},
{
    "from": [ 7, 1, 7 ],
    "to": [ 9, 10, 9 ],
    "faces": {
        "down":  { "uv": [ 9, 9, 7, 7 ], "texture": "#planks_oak" },
        "up":    { "uv": [ 7, 7, 9, 9 ], "texture": "#planks_oak" },
        "north": { "uv": [ 7, 6, 9, 15 ], "texture": "#planks_oak" },
        "south": { "uv": [ 7, 6, 9, 15 ], "texture": "#planks_oak" },
        "west":  { "uv": [ 7, 6, 9, 15 ], "texture": "#planks_oak" },
        "east":  { "uv": [ 7, 6, 9, 15 ], "texture": "#planks_oak" }
    }
},
{
    "from": [ 6, 7.5, 7.5 ],
    "to": [ 7, 8.5, 8.5 ],
    "faces": {
        "down":  { "uv": [ 10, 8.5, 9, 7.5 ], "texture": "#planks_oak" },
        "up":    { "uv": [ 6, 7.5, 7, 8.5 ], "texture": "#planks_oak" },
        "north": { "uv": [ 9, 7.5, 10, 8.5 ], "texture": "#planks_oak" },
        "south": { "uv": [ 6, 7.5, 7, 8.5 ], "texture": "#planks_oak" },
        "west":  { "uv": [ 7.5, 7.5, 8.5, 8.5 ], "texture": "#planks_oak" },
        "east":  { "uv": [ 7.5, 7.5, 8.5, 8.5 ], "texture": "#planks_oak" }
    }
},
{
    "from": [ 5, 12, 3 ],
    "to": [ 6, 13, 13 ],
    "faces": {
        "down":  { "uv": [ 11, 13, 10, 3 ], "texture": "#planks_oak" },
        "up":    { "uv": [ 5, 3, 6, 13 ], "texture": "#planks_oak" },
        "north": { "uv": [ 10, 3, 11, 4 ], "texture": "#planks_oak" },
        "south": { "uv": [ 5, 3, 6, 4 ], "texture": "#planks_oak" },
        "west":  { "uv": [ 3, 3, 13, 4 ], "texture": "#planks_oak" },
        "east":  { "uv": [ 3, 3, 13, 4 ], "texture": "#planks_oak" }
    }
},
{
    "from": [ 5, 3, 3 ],
    "to": [ 6, 4, 13 ],
    "faces": {
        "down":  { "uv": [ 11, 13, 10, 3 ], "texture": "#planks_oak" },
        "up":    { "uv": [ 5, 3, 6, 13 ], "texture": "#planks_oak" },
        "north": { "uv": [ 10, 12, 11, 13 ], "texture": "#planks_oak" },
        "south": { "uv": [ 5, 12, 6, 13 ], "texture": "#planks_oak" },
        "west":  { "uv": [ 3, 12, 13, 13 ], "texture": "#planks_oak" },
        "east":  { "uv": [ 3, 12, 13, 13 ], "texture": "#planks_oak" }
    }
},
{
    "from": [ 5, 4, 3 ],
    "to": [ 6, 12, 4 ],
    "faces": {
        "down":  { "uv": [ 11, 4, 10, 3 ], "texture": "#planks_oak" },
        "up":    { "uv": [ 5, 3, 6, 4 ], "texture": "#planks_oak" },
        "north": { "uv": [ 10, 4, 11, 12 ], "texture": "#planks_oak" },
        "south": { "uv": [ 5, 4, 6, 12 ], "texture": "#planks_oak" },
        "west":  { "uv": [ 3, 4, 4, 12 ], "texture": "#planks_oak" },
        "east":  { "uv": [ 12, 4, 13, 12 ], "texture": "#planks_oak" }
    }
},
{
    "from": [ 5, 4, 12 ],
    "to": [ 6, 12, 13 ],
    "faces": {
        "down":  { "uv": [ 11, 13, 10, 12 ], "texture": "#planks_oak" },
        "up":    { "uv": [ 5, 12, 6, 13 ], "texture": "#planks_oak" },
        "north": { "uv": [ 10, 4, 11, 12 ], "texture": "#planks_oak" },
        "south": { "uv": [ 5, 4, 6, 12 ], "texture": "#planks_oak" },
        "west":  { "uv": [ 12, 4, 13, 12 ], "texture": "#planks_oak" },
        "east":  { "uv": [ 3, 4, 4, 12 ], "texture": "#planks_oak" }
    }
},
{
    "from": [ 5, 4, 7.5 ],
    "to": [ 6, 12, 8.5 ],
    "faces": {
        "down":  { "uv": [ 11, 8.5, 10, 7.5 ], "texture": "#planks_oak" },
        "up":    { "uv": [ 5, 7.5, 6, 8.5 ], "texture": "#planks_oak" },
        "north": { "uv": [ 10, 4, 11, 12 ], "texture": "#planks_oak" },
        "south": { "uv": [ 5, 4, 6, 12 ], "texture": "#planks_oak" },
        "west":  { "uv": [ 7.5, 4, 8.5, 12 ], "texture": "#planks_oak" },
        "east":  { "uv": [ 7.5, 4, 8.5, 12 ], "texture": "#planks_oak" }
    }
},
{
    "from": [ 5, 8, 4 ],
    "to": [ 6, 9, 7.5 ],
    "faces": {
        "down":  { "uv": [ 11, 7.5, 10, 4 ], "texture": "#planks_oak" },
        "up":    { "uv": [ 5, 4, 6, 7.5 ], "texture": "#planks_oak" },
        "north": { "uv": [ 10, 7, 11, 8 ], "texture": "#planks_oak" },
        "south": { "uv": [ 5, 7, 6, 8 ], "texture": "#planks_oak" },
        "west":  { "uv": [ 4, 7, 7.5, 8 ], "texture": "#planks_oak" },
        "east":  { "uv": [ 8.5, 7, 12, 8 ], "texture": "#planks_oak" }
    }
},
{
    "from": [ 5, 8, 8.5 ],
    "to": [ 6, 9, 12 ],
    "faces": {
        "down":  { "uv": [ 11, 12, 10, 8.5 ], "texture": "#planks_oak" },
        "up":    { "uv": [ 5, 8.5, 6, 12 ], "texture": "#planks_oak" },
        "north": { "uv": [ 10, 7, 11, 8 ], "texture": "#planks_oak" },
        "south": { "uv": [ 5, 7, 6, 8 ], "texture": "#planks_oak" },
        "west":  { "uv": [ 8.5, 7, 12, 8 ], "texture": "#planks_oak" },
        "east":  { "uv": [ 4, 7, 7.5, 8 ], "texture": "#planks_oak" }
    }
}
]
}
