{
"__comment": "Designed by - with BDcraft Cubik PRO 0.90 Beta - http://bdcraft.net",
"textures": {
    "stone": "blocks/stone"
},
"elements": [ 
{
    "from": [ 2, 0, 2 ],
    "to": [ 7.5, 4, 7 ],
    "faces": {
        "down":  { "uv": [ 14, 7, 8.5, 2 ], "texture": "#stone" },
        "up":    { "uv": [ 2, 2, 7.5, 7 ], "texture": "#stone" },
        "north": { "uv": [ 8.5, 12, 14, 16 ], "texture": "#stone" },
        "south": { "uv": [ 2, 12, 7.5, 16 ], "texture": "#stone" },
        "west":  { "uv": [ 2, 12, 7, 16 ], "texture": "#stone" },
        "east":  { "uv": [ 9, 12, 14, 16 ], "texture": "#stone" }
    }
},
{
    "from": [ 11, 0, 9 ],
    "to": [ 12.5, 1, 10.5 ],
    "faces": {
        "down":  { "uv": [ 5, 10.5, 3.5, 9 ], "texture": "#stone" },
        "up":    { "uv": [ 11, 9, 12.5, 10.5 ], "texture": "#stone" },
        "north": { "uv": [ 3.5, 15, 5, 16 ], "texture": "#stone" },
        "south": { "uv": [ 11, 15, 12.5, 16 ], "texture": "#stone" },
        "west":  { "uv": [ 9, 15, 10.5, 16 ], "texture": "#stone" },
        "east":  { "uv": [ 5.5, 15, 7, 16 ], "texture": "#stone" }
    }
},
{
    "from": [ 0, 0, 12 ],
    "to": [ 8, 2.5, 16 ],
    "faces": {
        "down":  { "uv": [ 16, 16, 8, 12 ], "texture": "#stone" },
        "up":    { "uv": [ 0, 12, 8, 16 ], "texture": "#stone" },
        "north": { "uv": [ 8, 13.5, 16, 16 ], "texture": "#stone" },
        "south": { "uv": [ 0, 13.5, 8, 16 ], "texture": "#stone" },
        "west":  { "uv": [ 12, 13.5, 16, 16 ], "texture": "#stone" },
        "east":  { "uv": [ 0, 13.5, 4, 16 ], "texture": "#stone" }
    }
},
{
    "from": [ 9, 0, 5 ],
    "to": [ 12, 1.5, 8 ],
    "faces": {
        "down":  { "uv": [ 7, 8, 4, 5 ], "texture": "#stone" },
        "up":    { "uv": [ 9, 5, 12, 8 ], "texture": "#stone" },
        "north": { "uv": [ 4, 14.5, 7, 16 ], "texture": "#stone" },
        "south": { "uv": [ 9, 14.5, 12, 16 ], "texture": "#stone" },
        "west":  { "uv": [ 5, 14.5, 8, 16 ], "texture": "#stone" },
        "east":  { "uv": [ 8, 14.5, 11, 16 ], "texture": "#stone" }
    }
},
{
    "from": [ 10.5, 0, 11 ],
    "to": [ 16, 6.5, 16 ],
    "faces": {
        "down":  { "uv": [ 5.5, 16, 0, 11 ], "texture": "#stone" },
        "up":    { "uv": [ 10.5, 11, 16, 16 ], "texture": "#stone" },
        "north": { "uv": [ 0, 9.5, 5.5, 16 ], "texture": "#stone" },
        "south": { "uv": [ 10.5, 9.5, 16, 16 ], "texture": "#stone" },
        "west":  { "uv": [ 11, 9.5, 16, 16 ], "texture": "#stone" },
        "east":  { "uv": [ 0, 9.5, 5, 16 ], "texture": "#stone" }
    }
},
{
    "from": [ 13, 0, 0 ],
    "to": [ 15, 1, 2 ],
    "faces": {
        "down":  { "uv": [ 3, 2, 1, 0 ], "texture": "#stone" },
        "up":    { "uv": [ 13, 0, 15, 2 ], "texture": "#stone" },
        "north": { "uv": [ 1, 15, 3, 16 ], "texture": "#stone" },
        "south": { "uv": [ 13, 15, 15, 16 ], "texture": "#stone" },
        "west":  { "uv": [ 0, 15, 2, 16 ], "texture": "#stone" },
        "east":  { "uv": [ 14, 15, 16, 16 ], "texture": "#stone" }
    }
}
]
}
