{
    "variants": {
        "age=0": { "model": "LivingsDeserts:DesertFlower1n" },
"age=1": { "model": "LivingsDeserts:DesertFlower1n" },
"age=2": { "model": "LivingsDeserts:DesertFlower1n" },
"age=3": { "model": "LivingsDeserts:DesertFlower1n" },
"age=4": { "model": "LivingsDeserts:DesertFlower1n" },
"age=5": { "model": "LivingsDeserts:DesertFlower1n" },
"age=6": { "model": "LivingsDeserts:DesertFlower1n" },
"age=7": { "model": "LivingsDeserts:DesertFlower1n" },
"age=8": { "model": "LivingsDeserts:DesertFlower1n" },
"age=9": { "model": "LivingsDeserts:DesertFlower1n" },
"age=10": { "model": "LivingsDeserts:DesertFlower1n" },
"age=11": { "model": "LivingsDeserts:DesertFlower1n" },
"age=12": { "model": "LivingsDeserts:DesertFlower1n" },
"age=13": { "model": "LivingsDeserts:DesertFlower1n" },
"age=14": { "model": "LivingsDeserts:DesertFlower1n" },
"age=15": { "model": "LivingsDeserts:DesertFlower1n" }
    }
}
